{
    "avg_precision": 0.22023809523809526,
    "avg_recall": 0.22023809523809526,
    "avg_f1_score": 0.22023809523809526,
    "success_correlation": -0.2336942932123985
}