{
    "avg_precision": 0.1462301587301587,
    "avg_recall": 0.1462301587301587,
    "avg_f1_score": 0.1462301587301587,
    "success_correlation": -0.2634117929576871
}